"claim_id","actual_class","python_predicted_class","python_conf_valid","python_conf_invalid","python_conf_manual_review","gtm_predicted_class","gtm_conf_valid","gtm_conf_invalid","gtm_conf_manual_review","match_status","confidence_difference","model_consistency_status","warranty_rule_result","missing_docs","contradictions","duplicate_flag","final_decision","correct_incorrect","disagreement_explanation"
"CLM-2026-01203","Manual Review","Manual Review",0.2068,0.0927,0.7006,"Manual Review",0.1,0.1,0.8,"Match",0.0994,"Strong Match","MANUAL_REVIEW (SERIAL_NUMBER_MATCH)","None","None",False,"Manual Review Required","CORRECT","Rule Override: Policy failure on SERIAL_NUMBER_MATCH; supercedes model consensus."
"CLM-2026-00947","Invalid Claim","Invalid Claim",0.0094,0.9255,0.065,"Invalid Claim",0.06,0.89,0.05,"Match",0.0355,"Strong Match","MANUAL_REVIEW (SERIAL_NUMBER_MATCH, MANDATORY_DOCUMENTS_COMPLETE)","receipt, warranty_card","None",False,"Manual Review Required","CORRECT (Safe Escalation)","Rule Override: Policy failure on SERIAL_NUMBER_MATCH, MANDATORY_DOCUMENTS_COMPLETE; supercedes model consensus."
"CLM-2026-01394","Manual Review","Manual Review",0.1603,0.0585,0.7812,"Manual Review",0.1429,0.0095,0.8476,"Match",0.0664,"Strong Match","PASS","None","None",False,"Manual Review Required","CORRECT","Consensus: Both models and business rules fully align on adjudication."
"CLM-2026-01231","Manual Review","Manual Review",0.0836,0.0158,0.9006,"Manual Review",0.1429,0.0095,0.8476,"Match",0.053,"Strong Match","MANUAL_REVIEW (FAULT_COVERED)","None","None",False,"Manual Review Required","CORRECT","Rule Override: Policy failure on FAULT_COVERED; supercedes model consensus."
"CLM-2026-00757","Invalid Claim","Invalid Claim",0.1484,0.7139,0.1376,"Invalid Claim",0.08,0.88,0.04,"Match",0.1661,"Acceptable Match","MANUAL_REVIEW (SERIAL_NUMBER_MATCH)","None","None",False,"Manual Review Required","CORRECT (Safe Escalation)","Rule Override: Policy failure on SERIAL_NUMBER_MATCH; supercedes model consensus."
"CLM-2026-01072","Manual Review","Manual Review",0.1201,0.024,0.8559,"Manual Review",0.1429,0.0095,0.8476,"Match",0.0083,"Strong Match","MANUAL_REVIEW (FAULT_COVERED, MANDATORY_DOCUMENTS_COMPLETE)","warranty_card","None",False,"Manual Review Required","CORRECT","Rule Override: Policy failure on FAULT_COVERED, MANDATORY_DOCUMENTS_COMPLETE; supercedes model consensus."
"CLM-2026-00655","Invalid Claim","Invalid Claim",0.0157,0.972,0.0123,"Invalid Claim",0.0882,0.902,0.0098,"Match",0.07,"Strong Match","MANUAL_REVIEW (FAULT_COVERED)","None","None",False,"Likely Invalid","CORRECT","Rule Override: Policy failure on FAULT_COVERED; supercedes model consensus."
"CLM-2026-00942","Invalid Claim","Invalid Claim",0.1032,0.8555,0.0412,"Invalid Claim",0.099,0.8911,0.0099,"Match",0.0356,"Strong Match","PASS","None","None",False,"Likely Invalid","CORRECT","Consensus: Both models and business rules fully align on adjudication."
"CLM-2026-00031","Valid Claim","Valid Claim",0.7968,0.043,0.1602,"Valid Claim",0.89,0.08,0.03,"Match",0.0932,"Strong Match","PASS","None","None",False,"Likely Valid","CORRECT","Consensus: Both models and business rules fully align on adjudication."
"CLM-2026-00724","Invalid Claim","Invalid Claim",0.0002,0.9986,0.0012,"Invalid Claim",0.08,0.84,0.08,"Match",0.1586,"Acceptable Match","PASS","None","None",False,"Likely Invalid","CORRECT","Consensus: Both models and business rules fully align on adjudication."
"CLM-2026-00224","Valid Claim","Valid Claim",0.7239,0.0156,0.2605,"Valid Claim",0.88,0.07,0.05,"Match",0.1561,"Acceptable Match","FAIL (WARRANTY_ACTIVE)","None","None",False,"Manual Review Required","CORRECT (Safe Escalation)","Rule Override: Policy failure on WARRANTY_ACTIVE; supercedes model consensus."
"CLM-2026-01214","Manual Review","Manual Review",0.1665,0.0019,0.8316,"Manual Review",0.11,0.02,0.87,"Match",0.0384,"Strong Match","PASS","serial_evidence","None",False,"Manual Review Required","CORRECT","Consensus: Both models and business rules fully align on adjudication."
"CLM-2026-00225","Valid Claim","Valid Claim",0.7231,0.0085,0.2683,"Valid Claim",0.91,0.06,0.03,"Match",0.1869,"Acceptable Match","PASS","None","None",False,"Likely Valid","CORRECT","Consensus: Both models and business rules fully align on adjudication."
"CLM-2026-00079","Valid Claim","Manual Review",0.4726,0.0297,0.4976,"Valid Claim",0.94,0.05,0.01,"Mismatch",0.4424,"Model Disagreement","PASS","None","None",False,"Manual Review Required","CORRECT (Safe Escalation)","Model Disagreement: Tabular ML (Manual Review) diverges from Visual GTM (Valid Claim); escalated to Underwriter Queue."
"CLM-2026-01058","Manual Review","Manual Review",0.2356,0.0377,0.7266,"Manual Review",0.1287,0.0099,0.8614,"Match",0.1348,"Strong Match","PASS","None","None",False,"Manual Review Required","CORRECT","Consensus: Both models and business rules fully align on adjudication."
"CLM-2026-00546","Invalid Claim","Manual Review",0.126,0.3903,0.4837,"Invalid Claim",0.0594,0.9307,0.0099,"Mismatch",0.447,"Model Disagreement","MANUAL_REVIEW (SERIAL_NUMBER_MATCH)","None","None",False,"Manual Review Required","CORRECT (Safe Escalation)","Model Disagreement: Tabular ML (Manual Review) diverges from Visual GTM (Invalid Claim); escalated to Underwriter Queue."
"CLM-2026-00745","Invalid Claim","Invalid Claim",0.0322,0.949,0.0188,"Invalid Claim",0.08,0.91,0.01,"Match",0.039,"Strong Match","MANUAL_REVIEW (SERIAL_NUMBER_MATCH, FAULT_COVERED)","receipt","None",False,"Manual Review Required","CORRECT (Safe Escalation)","Rule Override: Policy failure on SERIAL_NUMBER_MATCH, FAULT_COVERED; supercedes model consensus."
"CLM-2026-00249","Valid Claim","Valid Claim",0.7279,0.0947,0.1774,"Valid Claim",0.9,0.07,0.03,"Match",0.1721,"Acceptable Match","MANUAL_REVIEW (FAULT_COVERED)","None","None",False,"Manual Review Required","CORRECT (Safe Escalation)","Rule Override: Policy failure on FAULT_COVERED; supercedes model consensus."
"CLM-2026-00041","Valid Claim","Valid Claim",0.7844,0.0537,0.1619,"Valid Claim",0.88,0.05,0.07,"Match",0.0956,"Strong Match","PASS","None","None",False,"Likely Valid","CORRECT","Consensus: Both models and business rules fully align on adjudication."
"CLM-2026-00457","Valid Claim","Valid Claim",0.6533,0.0471,0.2996,"Valid Claim",0.88,0.07,0.05,"Match",0.2267,"Acceptable Match","PASS","None","None",False,"Manual Review Required","CORRECT (Safe Escalation)","Confidence Advisory: Prediction confidence (65.3%) below 70% threshold; escalated to Underwriter Queue."
"CLM-2026-01447","Manual Review","Manual Review",0.0302,0.021,0.9488,"Manual Review",0.12,0.02,0.86,"Match",0.0888,"Strong Match","MANUAL_REVIEW (MANDATORY_DOCUMENTS_COMPLETE)","warranty_card, serial_evidence","None",False,"Manual Review Required","CORRECT","Rule Override: Policy failure on MANDATORY_DOCUMENTS_COMPLETE; supercedes model consensus."
"CLM-2026-00015","Valid Claim","Valid Claim",0.8189,0.0048,0.1764,"Valid Claim",0.92,0.07,0.01,"Match",0.1011,"Strong Match","MANUAL_REVIEW (FAULT_COVERED)","None","None",False,"Manual Review Required","CORRECT (Safe Escalation)","Rule Override: Policy failure on FAULT_COVERED; supercedes model consensus."
"CLM-2026-01346","Manual Review","Manual Review",0.3187,0.0552,0.6261,"Manual Review",0.1188,0.0099,0.8713,"Match",0.2452,"Acceptable Match","MANUAL_REVIEW (SERIAL_NUMBER_MATCH)","None","None",False,"Manual Review Required","CORRECT","Rule Override: Policy failure on SERIAL_NUMBER_MATCH; supercedes model consensus."
"CLM-2026-00326","Valid Claim","Valid Claim",0.6653,0.0173,0.3174,"Valid Claim",0.91,0.06,0.03,"Match",0.2447,"Acceptable Match","PASS","None","None",False,"Manual Review Required","CORRECT (Safe Escalation)","Confidence Advisory: Prediction confidence (66.5%) below 70% threshold; escalated to Underwriter Queue."
"CLM-2026-01018","Manual Review","Manual Review",0.1718,0.0031,0.8252,"Manual Review",0.11,0.06,0.83,"Match",0.0048,"Strong Match","FAIL (WARRANTY_ACTIVE)","None","None",False,"Manual Review Required","CORRECT","Rule Override: Policy failure on WARRANTY_ACTIVE; supercedes model consensus."
"CLM-2026-00729","Invalid Claim","Invalid Claim",0.0648,0.8732,0.062,"Invalid Claim",0.09,0.85,0.06,"Match",0.0232,"Strong Match","PASS","None","None",False,"Likely Invalid","CORRECT","Consensus: Both models and business rules fully align on adjudication."
"CLM-2026-01426","Manual Review","Valid Claim",0.6347,0.0268,0.3385,"Invalid Claim",0.06,0.93,0.01,"Mismatch",0.2953,"Model Disagreement","FAIL (WARRANTY_ACTIVE)","None","None",False,"Manual Review Required","CORRECT","Model Disagreement: Tabular ML predicted Valid, but Visual Card Classifier detected excluded damage / expired banner."
"CLM-2026-00427","Valid Claim","Valid Claim",0.7399,0.1209,0.1392,"Valid Claim",0.88,0.05,0.07,"Match",0.1401,"Strong Match","PASS","None","None",False,"Likely Valid","CORRECT","Consensus: Both models and business rules fully align on adjudication."
"CLM-2026-00530","Invalid Claim","Invalid Claim",0.0431,0.9188,0.0382,"Invalid Claim",0.08,0.84,0.08,"Match",0.0788,"Strong Match","MANUAL_REVIEW (FAULT_COVERED)","None","None",False,"Likely Invalid","CORRECT","Rule Override: Policy failure on FAULT_COVERED; supercedes model consensus."
"CLM-2026-00708","Invalid Claim","Invalid Claim",0.035,0.9043,0.0607,"Invalid Claim",0.0777,0.9126,0.0097,"Match",0.0083,"Strong Match","FAIL (WARRANTY_ACTIVE)","None","None",False,"Likely Invalid","CORRECT","Rule Override: Policy failure on WARRANTY_ACTIVE; supercedes model consensus."
"CLM-2026-01258","Manual Review","Manual Review",0.1106,0.4416,0.4478,"Manual Review",0.1,0.08,0.82,"Match",0.3722,"Weak Match","MANUAL_REVIEW (SERIAL_NUMBER_MATCH, FAULT_COVERED)","None","None",False,"Manual Review Required","CORRECT","Rule Override: Policy failure on SERIAL_NUMBER_MATCH, FAULT_COVERED; supercedes model consensus."
"CLM-2026-00438","Valid Claim","Valid Claim",0.606,0.1392,0.2548,"Manual Review",0.13,0.02,0.85,"Mismatch",0.244,"Model Disagreement","MANUAL_REVIEW (SERIAL_NUMBER_MATCH)","None","None",False,"Manual Review Required","CORRECT (Safe Escalation)","Model Disagreement: Tabular ML predicted Valid, while Visual Card highlighted unverified checklist badge."
"CLM-2026-00512","Invalid Claim","Invalid Claim",0.0796,0.8114,0.1091,"Invalid Claim",0.0769,0.9135,0.0096,"Match",0.1021,"Strong Match","PASS","None","None",False,"Likely Invalid","CORRECT","Consensus: Both models and business rules fully align on adjudication."
"CLM-2026-00275","Valid Claim","Valid Claim",0.7195,0.0651,0.2154,"Valid Claim",0.87,0.08,0.05,"Match",0.1505,"Acceptable Match","MANUAL_REVIEW (FAULT_COVERED)","None","None",False,"Manual Review Required","CORRECT (Safe Escalation)","Rule Override: Policy failure on FAULT_COVERED; supercedes model consensus."
"CLM-2026-00629","Invalid Claim","Invalid Claim",0.0162,0.9648,0.0189,"Invalid Claim",0.06,0.9,0.04,"Match",0.0648,"Strong Match","MANUAL_REVIEW (FAULT_COVERED)","None","None",False,"Likely Invalid","CORRECT","Rule Override: Policy failure on FAULT_COVERED; supercedes model consensus."
"CLM-2026-01323","Manual Review","Manual Review",0.1404,0.3435,0.5161,"Manual Review",0.1456,0.0097,0.8447,"Match",0.3286,"Weak Match","MANUAL_REVIEW (SERIAL_NUMBER_MATCH)","None","None",False,"Manual Review Required","CORRECT","Rule Override: Policy failure on SERIAL_NUMBER_MATCH; supercedes model consensus."
